level	page_num	block_num	par_num	line_num	word_num	left	top	width	height	conf	text
1	1	0	0	0	0	0	0	3308	4678	-1	
2	1	1	0	0	0	854	139	1676	100	-1	
3	1	1	1	0	0	854	139	1676	100	-1	
4	1	1	1	1	0	854	139	1676	100	-1	
5	1	1	1	1	1	854	139	415	69	96.574081	TELECOM
5	1	1	1	1	2	1307	147	292	66	96.859955	NORTE
5	1	1	1	1	3	1637	149	688	90	95.844872	PARTICIPAÇÕES
5	1	1	1	1	4	2360	167	170	64	94.693871	S.A.
2	1	2	0	0	0	832	255	1727	244	-1	
3	1	2	1	0	0	832	255	1727	244	-1	
4	1	2	1	1	0	832	255	1727	67	-1	
5	1	2	1	1	1	832	255	246	45	96.077232	Companhia
5	1	2	1	1	2	1095	260	143	37	95.911850	Aberta
5	1	2	1	1	3	1274	262	7	44	92.278076	|
5	1	2	1	1	4	1314	265	180	42	87.395752	CNPJ/ME
5	1	2	1	1	5	1514	270	44	32	93.148209	nº
5	1	2	1	1	6	1576	269	447	42	83.687263	33.222.111/0001-44
5	1	2	1	1	7	2055	278	8	44	92.890404	|
5	1	2	1	1	8	2098	279	98	36	92.038536	NIRE
5	1	2	1	1	9	2215	281	344	40	48.278183	33.300.000.007
4	1	2	1	2	0	961	357	1454	34	-1	
5	1	2	1	2	1	961	357	1454	34	11.233742	o
4	1	2	1	3	0	1245	431	894	68	-1	
5	1	2	1	3	1	1245	431	230	56	96.097115	AVISO
5	1	2	1	3	2	1501	437	156	54	96.451012	AOS
5	1	2	1	3	3	1685	439	454	60	96.162933	ACIONISTAS
2	1	3	0	0	0	1142	533	1084	72	-1	
3	1	3	1	0	0	1142	533	1084	72	-1	
4	1	3	1	1	0	1142	533	1084	72	-1	
5	1	3	1	1	1	1142	533	164	54	96.625061	Juros
5	1	3	1	1	2	1328	535	175	46	96.625061	sobre
5	1	3	1	1	3	1526	551	35	32	95.739517	o
5	1	3	1	1	4	1584	541	216	56	96.904877	Capital
5	1	3	1	1	5	1826	543	227	60	93.052216	Próprio
5	1	3	1	1	6	2078	549	148	56	92.351204	(JCP)
2	1	4	0	0	0	327	633	1962	372	-1	
3	1	4	1	0	0	327	633	1962	230	-1	
4	1	4	1	1	0	329	633	1853	83	-1	
5	1	4	1	1	1	329	633	34	39	96.723969	A
5	1	4	1	1	2	380	634	209	44	96.732193	Telecom
5	1	4	1	1	3	614	639	138	42	96.024452	Norte
5	1	4	1	1	4	774	641	339	56	96.204407	Participações
5	1	4	1	1	5	1135	649	93	42	96.354820	S.A.
5	1	4	1	1	6	1250	653	247	42	96.333176	comunica
5	1	4	1	1	7	1519	667	87	30	96.987411	aos
5	1	4	1	1	8	1627	669	115	32	96.516388	seus
5	1	4	1	1	9	1763	661	257	44	96.559143	acionistas
5	1	4	1	1	10	2039	677	94	39	96.727379	que
5	1	4	1	1	11	2155	679	27	30	93.919746	o
4	1	4	1	2	0	330	707	1959	83	-1	
5	1	4	1	2	1	330	707	236	44	96.848900	Conselho
5	1	4	1	2	2	586	712	60	41	96.533257	de
5	1	4	1	2	3	667	714	383	55	96.693214	Administração,
5	1	4	1	2	4	1074	731	77	33	96.896515	em
5	1	4	1	2	5	1174	724	192	43	96.476822	reunião
5	1	4	1	2	6	1388	728	229	43	96.882614	realizada
5	1	4	1	2	7	1640	743	78	30	96.216652	em
5	1	4	1	2	8	1739	735	62	40	91.829597	06
5	1	4	1	2	9	1823	736	60	41	96.449127	de
5	1	4	1	2	10	1899	736	145	51	96.429451	junho
5	1	4	1	2	11	2065	739	62	42	96.354164	de
5	1	4	1	2	12	2148	743	141	47	92.435249	2026,
4	1	4	1	3	0	327	790	1831	73	-1	
5	1	4	1	3	1	327	797	208	39	96.683716	aprovou
5	1	4	1	3	2	557	801	29	30	96.333717	o
5	1	4	1	3	3	605	790	177	45	96.313118	crédito
5	1	4	1	3	4	800	795	64	42	96.749016	de
5	1	4	1	3	5	877	799	128	48	96.180168	Juros
5	1	4	1	3	6	1027	800	140	44	95.926483	sobre
5	1	4	1	3	7	1186	814	28	30	93.480545	o
5	1	4	1	3	8	1235	805	178	51	96.590912	Capital
5	1	4	1	3	9	1436	805	176	55	93.164734	Próprio
5	1	4	1	3	10	1636	812	131	51	85.669373	(JCP),
5	1	4	1	3	11	1792	825	86	32	96.987000	nos
5	1	4	1	3	12	1898	820	180	41	95.985283	termos
5	1	4	1	3	13	2099	820	59	43	96.032356	do
3	1	4	2	0	0	328	865	1865	140	-1	
4	1	4	2	1	0	333	865	1860	74	-1	
5	1	4	2	1	1	333	868	83	37	93.246666	art.
5	1	4	2	1	2	439	865	54	40	96.847595	9º
5	1	4	2	1	3	512	866	60	41	96.739853	da
5	1	4	2	1	4	596	868	67	41	95.862549	Lei
5	1	4	2	1	5	688	872	51	39	93.130447	nº
5	1	4	2	1	6	761	871	241	51	90.478737	9:249/95,
5	1	4	2	1	7	1024	887	107	31	96.713013	com
5	1	4	2	1	8	1154	881	224	50	95.686897	retenção
5	1	4	2	1	9	1398	884	62	41	96.386925	de
5	1	4	2	1	10	1482	886	204	50	96.327347	Imposto
5	1	4	2	1	11	1708	889	61	42	96.649925	de
5	1	4	2	1	12	1791	891	156	44	96.141563	Renda
5	1	4	2	1	13	1970	905	59	30	96.286888	na
5	1	4	2	1	14	2053	897	140	42	96.730713	Fonte
4	1	4	2	2	0	328	940	1216	65	-1	
5	1	4	2	2	1	328	940	151	50	95.570297	(IRRF)
5	1	4	2	2	2	501	942	25	43	95.889000	à
5	1	4	2	2	3	551	944	203	53	96.594254	alíquota
5	1	4	2	2	4	776	950	62	41	96.845543	de
5	1	4	2	2	5	862	951	158	47	95.320442	17,5%
5	1	4	2	2	6	1041	956	139	41	96.355240	sobre
5	1	4	2	2	7	1200	969	28	30	95.738007	o
5	1	4	2	2	8	1248	960	130	41	96.540337	valor
5	1	4	2	2	9	1398	960	146	45	95.015717	bruto.
2	1	5	0	0	0	320	1041	1901	222	-1	
3	1	5	1	0	0	320	1041	1901	222	-1	
4	1	5	1	1	0	332	1041	1889	83	-1	
5	1	5	1	1	1	332	1041	136	42	92.895988	Farão
5	1	5	1	1	2	485	1044	74	51	96.967499	jus
5	1	5	1	1	3	581	1057	59	30	93.305420	ao
5	1	5	1	1	4	662	1054	228	42	91.252731	provento
5	1	5	1	1	5	910	1063	56	30	96.594727	os
5	1	5	1	1	6	985	1054	256	45	96.328697	acionistas
5	1	5	1	1	7	1264	1058	212	45	96.391350	inscritos
5	1	5	1	1	8	1498	1073	88	32	96.391350	nos
5	1	5	1	1	9	1608	1065	220	52	95.441086	registros
5	1	5	1	1	10	1849	1070	58	41	96.496391	da
5	1	5	1	1	11	1931	1073	290	51	96.492668	Companhia
4	1	5	1	2	0	320	1121	1888	79	-1	
5	1	5	1	2	1	320	1131	60	32	96.588158	ao
5	1	5	1	2	2	399	1121	110	44	94.674767	final
5	1	5	1	2	3	528	1124	62	43	96.576508	do
5	1	5	1	2	4	610	1126	74	42	96.557350	dia
5	1	5	1	2	5	708	1129	59	40	96.532562	22
5	1	5	1	2	6	788	1130	62	41	96.532562	de
5	1	5	1	2	7	867	1130	145	51	96.327164	junho
5	1	5	1	2	8	1032	1134	60	41	97.006836	de
5	1	5	1	2	9	1116	1137	125	42	96.093040	2026
5	1	5	1	2	10	1264	1138	131	46	96.576363	(data
5	1	5	1	2	11	1416	1144	142	46	96.349335	com).
5	1	5	1	2	12	1579	1145	61	42	96.470009	As
5	1	5	1	2	13	1661	1148	147	49	95.627815	ações
5	1	5	1	2	14	1830	1152	230	48	96.232719	passarão
5	1	5	1	2	15	2081	1165	26	30	84.159035	a
5	1	5	1	2	16	2129	1167	79	30	96.463730	ser
4	1	5	1	3	0	321	1198	1333	65	-1	
5	1	5	1	3	1	321	1198	292	49	93.295784	negociadas
5	1	5	1	3	2	634	1203	163	50	81.471466	ex-JCP
5	1	5	1	3	3	816	1215	26	30	90.173538	a
5	1	5	1	3	4	864	1206	142	48	96.416145	partir
5	1	5	1	3	5	1024	1208	60	41	96.633057	de
5	1	5	1	3	6	1106	1211	60	40	96.705666	23
5	1	5	1	3	7	1188	1211	60	42	96.226234	de
5	1	5	1	3	8	1265	1212	145	51	96.298233	junho
5	1	5	1	3	9	1431	1216	62	41	96.299355	de
5	1	5	1	3	10	1512	1219	142	42	95.716362	2026.
2	1	6	0	0	0	308	1300	1576	594	-1	
3	1	6	1	0	0	323	1300	1561	140	-1	
4	1	6	1	1	0	324	1300	1560	76	-1	
5	1	6	1	1	1	324	1300	103	50	95.930794	Tipo
5	1	6	1	1	2	448	1304	57	39	96.459808	de
5	1	6	1	1	3	526	1308	169	39	0.000000	evento
5	1	6	1	1	4	715	1339	309	14	0.000000	.........llllo.
5	1	6	1	1	5	1041	1316	124	47	96.263756	Juros
5	1	6	1	1	6	1189	1300	132	59	96.662163	sobre
5	1	6	1	1	7	1341	1329	28	30	96.304756	o
5	1	6	1	1	8	1388	1321	171	49	96.139427	Capital
5	1	6	1	1	9	1580	1324	171	51	93.268051	Próprio
5	1	6	1	1	10	1772	1328	112	48	88.724991	(JCP)
4	1	6	1	2	0	323	1379	1215	61	-1	
5	1	6	1	2	1	323	1379	126	40	96.611603	Valor
5	1	6	1	2	2	467	1382	130	41	96.513245	bruto
5	1	6	1	2	3	618	1393	79	39	96.937271	por
5	1	6	1	2	4	715	1388	116	47	96.299484	ação
5	1	6	1	2	5	852	1389	60	40	91.625122	PN
5	1	6	1	2	6	936	1421	134	15	19.029587	,,,....,
5	1	6	1	2	7	1094	1395	61	44	96.219490	R$
5	1	6	1	2	8	1177	1395	361	45	89.042526	0,1124300000
3	1	6	2	0	0	322	1449	856	58	-1	
4	1	6	2	1	0	322	1449	856	58	-1	
5	1	6	2	1	1	322	1449	107	39	96.879410	IRRF
5	1	6	2	1	2	450	1460	55	31	96.641823	na
5	1	6	2	1	3	527	1451	126	42	90.380089	fonte
5	1	6	2	1	4	677	1488	325	12	0.000000	...lllooo.
5	1	6	2	1	5	1028	1463	150	44	96.297058	17,5%
3	1	6	3	0	0	315	1524	1213	61	-1	
4	1	6	3	1	0	315	1524	1213	61	-1	
5	1	6	3	1	1	315	1524	126	39	95.626541	Valor
5	1	6	3	1	2	458	1524	162	50	96.053268	líquido
5	1	6	3	1	3	642	1537	81	39	96.232529	por
5	1	6	3	1	4	738	1532	115	48	95.247871	ação
5	1	6	3	1	5	876	1535	62	38	72.571487	PN
5	1	6	3	1	6	958	1565	104	15	40.060493	,,,,,,.,
5	1	6	3	1	7	1086	1538	59	45	82.620010	R$
5	1	6	3	1	8	1167	1539	361	46	82.620010	0,0927547500
3	1	6	4	0	0	322	1597	1052	61	-1	
4	1	6	4	1	0	322	1597	1052	61	-1	
5	1	6	4	1	1	322	1597	251	42	92.845169	Data-base
5	1	6	4	1	2	594	1602	125	44	96.544838	(data
5	1	6	4	1	3	740	1606	122	44	86.819847	com)
5	1	6	4	1	4	885	1639	183	9	83.371651	............
5	1	6	4	1	5	1091	1613	283	45	96.363274	22/06/2026
3	1	6	5	0	0	316	1673	960	59	-1	
4	1	6	5	1	0	316	1673	960	59	-1	
5	1	6	5	1	1	316	1673	112	40	91.012207	Data
5	1	6	5	1	2	450	1677	157	48	79.618744	eX-JCP
5	1	6	5	1	3	629	1710	341	12	0.000000	....i..eeíintoooo
5	1	6	5	1	4	993	1687	283	45	96.424583	23/06/2026
3	1	6	6	0	0	312	1749	1036	61	-1	
4	1	6	6	1	0	312	1749	1036	61	-1	
5	1	6	6	1	1	312	1749	111	40	96.715332	Data
5	1	6	6	1	2	446	1752	59	39	96.583916	de
5	1	6	6	1	3	526	1758	281	45	87.355408	pagamento
5	1	6	6	1	4	829	1789	212	11	74.384193	..............
5	1	6	6	1	5	1065	1763	283	47	96.041824	21/08/2026
3	1	6	7	0	0	308	1822	1482	72	-1	
4	1	6	7	1	0	308	1822	1482	72	-1	
5	1	6	7	1	1	308	1822	169	51	96.608101	Código
5	1	6	7	1	2	498	1826	59	39	96.912224	de
5	1	6	7	1	3	576	1830	281	51	89.349808	negociação
5	1	6	7	1	4	879	1865	149	10	81.558990	..........
5	1	6	7	1	5	1050	1837	158	42	84.317940	TLNRA
5	1	6	7	1	6	1247	1840	113	44	91.527153	(ISIN
5	1	6	7	1	7	1380	1843	410	51	72.346130	BRTLNRACNPR2)
2	1	7	0	0	0	309	1952	921	58	-1	
3	1	7	1	0	0	309	1952	921	58	-1	
4	1	7	1	1	0	309	1952	921	58	-1	
5	1	7	1	1	1	309	1952	88	41	96.844795	São
5	1	7	1	1	2	418	1955	131	40	96.402245	Paulo
5	1	7	1	1	3	570	1958	108	46	96.882301	(SP),
5	1	7	1	1	4	700	1961	60	38	95.398407	06
5	1	7	1	1	5	780	1962	59	39	96.739304	de
5	1	7	1	1	6	855	1962	140	48	96.599869	junho
5	1	7	1	1	7	1014	1966	59	39	96.812874	de
5	1	7	1	1	8	1093	1969	137	40	82.297440	2026.
2	1	8	0	0	0	1268	2157	777	86	-1	
3	1	8	1	0	0	1268	2157	777	86	-1	
4	1	8	1	1	0	1268	2157	777	22	-1	
5	1	8	1	1	1	1264	2127	49	56	22.835861	EE
5	1	8	1	1	2	1334	2127	46	56	19.711952	CE
5	1	8	1	1	3	1463	2127	57	56	30.770294	O
5	1	8	1	1	4	1268	2157	777	22	32.428757	AAA
5	1	8	1	1	5	1848	2127	148	56	0.000000	AO
4	1	8	1	2	0	1387	2195	548	48	-1	
5	1	8	1	2	1	1387	2195	104	39	95.923134	Ana
5	1	8	1	2	2	1514	2197	196	41	95.695114	Beatriz
5	1	8	1	2	3	1732	2201	203	42	96.144501	Moraes
2	1	9	0	0	0	1194	2261	920	54	-1	
3	1	9	1	0	0	1194	2261	920	54	-1	
4	1	9	1	1	0	1194	2261	920	54	-1	
5	1	9	1	1	1	1194	2261	190	40	95.665184	Diretora
5	1	9	1	1	2	1402	2265	57	38	96.701668	de
5	1	9	1	1	3	1480	2265	208	50	96.321442	Relações
5	1	9	1	1	4	1706	2281	99	28	96.229553	com
5	1	9	1	1	5	1826	2274	288	41	87.585457	Investidores
